cnv_leiden,B_cell,Dendritic_cell,Endothelial_lymphatic,Endothelial_vascular,Epithelial_basal,Epithelial_differentiated,Epithelial_glandular,Fibroblast,Fibroblast_CAF,Macrophage,Mast_cell,Pericyte,Plasma_cell,T_cell,T_cell_exhausted,pDC
0,74,41,10,65,50,0,6,175,31,33,15,24,48,288,96,27
1,50,113,6,40,22,1,6,46,48,192,4,14,13,201,64,34
2,24,24,13,51,19,0,5,357,145,25,2,25,6,63,38,16
3,2,8,1,0,631,40,6,15,17,5,1,1,4,13,6,1
4,0,0,0,0,310,363,0,0,7,0,0,0,0,1,0,0
5,57,85,7,24,23,0,5,50,38,40,0,7,18,190,102,35
6,5,13,3,21,4,0,2,62,439,18,2,17,1,82,9,2
7,26,52,25,73,77,2,37,70,32,54,7,9,12,117,35,18
8,23,14,7,39,6,0,0,133,54,11,4,10,6,153,92,8
9,41,54,2,4,16,0,2,19,15,16,6,9,5,161,71,14
10,40,49,3,7,13,0,7,37,17,21,10,4,17,103,44,23
11,46,33,3,16,18,0,4,43,29,18,3,6,18,85,31,28
12,11,27,2,17,20,0,4,63,25,27,4,6,4,98,38,8
13,13,83,3,3,4,0,0,7,3,108,1,0,2,69,11,5
14,8,10,2,2,6,0,1,31,9,6,2,8,5,44,16,10
